{"uuid": "worksets@blipk.xyz",
"name": "Worksets",
"original-author": "adpl@blipk.xyz", 
"description": "Create isolated and customised workspaces each with different favourite applications that can be saved to worksets and organized into collections.",
"settings-schema": "org.gnome.shell.extensions.worksets", 
"url": "http://worksets.blipk.xyz",
"extension-id": "worksets",
"gettext-domain": "worksets",
"shell-version": [
    "3.00", 
    "3.10", 
    "3.12", 
    "3.14", 
    "3.16", 
    "3.18", 
    "3.20", 
    "3.22", 
    "3.24", 
    "3.26", 
    "3.28", 
    "3.30"
],
"version": 1
}
