{   "uuid": "worksets@blipk.xyz",

    "name": "Customised Workspaces",
    "url": "https://github.com/blipk/Customised-Workspaces",
    "description": "Customised Workspaces adds the following features to Gnome Shell workspace usage:\n\n* Custom favourite applications on the dash for each workspace\n* Only show applications on the dash when they're running on the active workspace\n* Custom background image for each workspace\n* Name and save each customisation, set them to autoload on specific workspaces\n* Hide the extension once you've configured your preferences to enjoy seamlessly upgraded workspaces in gnome shell\n* Compatible with dash-to-dock and dash-to-panel, use with with Auto Move Windows for a complete automated workflow: https://extensions.gnome.org/extension/16/auto-move-windows/\n\nEach functionality can be turned off so can be used just as a wallpaper manager or as a workspace isolater.",
    "original-author": "admin@kronosoul.xyz",
    "version": 25,

    "extension-id": "worksets",
    "application-id": "org.kronosoul.worksets",
    "resource-path": "/org/kronosoul/worksets/",
    "settings-schema": "org.gnome.shell.extensions.worksets",
    "settings-path": "/org/gnome/shell/extensions/worksets/",
    "gettext-domain": "worksets",
    "shell-version": ["3.32", "3.34", "3.36", "3.38", "40.beta", "40"]
}