{   "uuid": "worksets@blipk.xyz",

    "name": "Customised Workspaces",
    "url": "https://github.com/blipk/Customised-Workspaces",
    "description": "Customised Workspaces enables creating isolated and customised workspaces.\n\n* Customise the dash to be unique for each workspace, each with their own favourites\n* Only show running applications on the dash in their respective workspace\n* Choose a custom background image for each workspace\n* Minor UI tweaks to the overview workspaces\n* Save each customisation, set them to autoload on specific workspaces\n* Hide the extension once you've configured your preferences to enjoy seamlessly upgraded workspaces in gnome shell\n\nPlease do not leave a comment for issues and instead report it here: https://github.com/blipk/Customised-Workspaces/issues",
    "original-author": "blipk",
    "version": 46,

    "extension-id": "worksets",
    "application-id": "org.kronosoul.worksets",
    "resource-path": "/org/kronosoul/worksets/",
    "settings-schema": "org.gnome.shell.extensions.worksets",
    "settings-path": "/org/gnome/shell/extensions/worksets/",
    "gettext-domain": "worksets",
    "shell-version": ["42", "43"]
}