<?xml version="1.0" encoding="UTF-8"?>
<schemalist gettext-domain="gnome-shell-extensions">
  <schema id="org.gnome.shell.extensions.worksets" path="/org/gnome/shell/extensions/worksets/">
    <key name="isolate-workspaces" type="b">
      <default>true</default>
      <summary>Isolate running applications</summary>
      <description>When enabled applications are only shown on the dash/panel in their workspace</description>
    </key>
    <key name="only-background-details" type="b">
      <default>false</default>
      <summary>Hide favourites in details</summary>
      <description>Hides the favourite application list in the environment details menu</description>
    </key>
    <key name="show-panel-indicator" type="b">
      <default>true</default>
      <summary>Show panel indicator</summary>
      <description>Hide this menu and the panel indicator, to enable see global extension settings</description>
    </key>
    <key name="show-workspace-overlay" type="b">
      <default>true</default>
      <summary>Show workspace overlay</summary>
      <description>Show or hide custom workspace details/actions on the overview workspace list</description>
    </key>
    <key name="show-notifications" type="b">
      <default>false</default>
      <summary>Show passive notifications</summary>
      <description>Show or hide notifications for switching between workspaces</description>
    </key>
    <key name="show-helpers" type="b">
      <default>true</default>
      <summary>Show help notifications</summary>
      <description>Show or hide these notifications when hovering over buttons and options</description>
    </key>
    <key name="reverse-menu" type="b">
      <default>false</default>
      <summary>Reverse menu order</summary>
      <description>Reverse the menu order if you have your panel on the lower edge</description>
    </key>
    <key name="disable-wallpaper-management" type="b">
      <default>false</default>
      <summary>Disable wallpaper management</summary>
      <description>Disables this extension managing wallpapers, useful if configured elsewhere.</description>
    </key>
    <key name="debug-mode" type="b">
      <default>true</default>
      <summary>Enable logging</summary>
      <description>Toggles writing log file to ~/.config/worksets@blipk.xyz</description>
    </key>
    <key name="favorites-prototype" type="s">
      <default>"[{\"name\": \"org.gnome.Terminal.desktop\", \"displayName\": \"Terminal\", \"icon\": \"org.gnome.Terminal\", \"exec\": \"gnome-terminal\" }]"</default>
      <summary>Object represting the current favorite apps on the panel</summary>
      <description>Contains the naming and app data for each favorite.</description>
    </key>
    <key name="workset-prototype-json" type="s">
      <default>"{\"WorksetName\":\"\", \"Favorite\":false, \"WindowData\":null, \"BackgroundImage\":\"\", \"FavApps\":[\"\"]}"</default>
      <summary>JSObject containing info on each custom workspace</summary>
      <description>Contains the information on each custom workspace.</description>
    </key>
    <key name="workspace-maps-prototype-json" type="s">
      <default>"{ \"Workspace0\": {\"defaultWorkset\":\"\", \"currentWorkset\":\"\"}, \"Workspace1\": {\"defaultWorkset\":\"\", \"currentWorkset\":\"\"}, \"Workspace2\": {\"defaultWorkset\":\"\", \"currentWorkset\":\"\"}, \"Workspace3\": {\"defaultWorkset\":\"\", \"currentWorkset\":\"\"}, \"Workspace4\": {\"defaultWorkset\":\"\", \"currentWorkset\":\"\"}, \"Workspace5\": {\"defaultWorkset\":\"\", \"currentWorkset\":\"\"}, \"Workspace6\": {\"defaultWorkset\":\"\", \"currentWorkset\":\"\"}, \"Workspace7\": {\"defaultWorkset\":\"\", \"currentWorkset\":\"\"} }"</default>
      <summary>JSObject containing info on workspaces</summary>
      <description>Contains the information about the state and position of custom workspaces.</description>
    </key>
    <key name="session-prototype-json" type="s">
      <default>"{ \"SessionName\":\"\",\"DefaultWorkset\": \"\",\"Options\":{\"ShowNotifications\":false, \"ShowHelpers\":true, \"IsolateWorkspaces\":true, \"ShowPanelIndicator\":true, \"ShowWorkspaceOverlay\":true},\"Worksets\":[{\"WorksetName\":\"\", \"Favorite\":false, \"WindowData\":null, \"FavApps\":[\"\"]}] }"</default>
      <summary>JSObject containing all data for the sesion</summary>
      <description>Contains the information on the extensions session.</description>
    </key>
  </schema>
</schemalist>
