<schemalist gettext-domain="worksets">
  <schema id="org.gnome.shell.extensions.worksets" path="/org/gnome/shell/extensions/worksets/">
    <key name="isolate-workspaces" type="b">
      <default>true</default>
      <summary>Isolate running applications</summary>
      <description>Applications are only shown on the dash/panel in their workspace</description>
    </key>
    <key name="show-workspace-overlay" type="b">
      <default>true</default>
      <summary>Show overview overlay</summary>
      <description>Show custom workspace details/actions in the overview</description>
    </key>
    <key name="show-overlay-thumbnail-labels" type="b">
      <default>true</default>
      <summary>Show overlay thumbnail labels</summary>
      <description>Show custom workspace labels on the thumbnails at the top of the overview</description>
    </key>
    <key name="show-panel-indicator" type="b">
      <default>true</default>
      <summary>Show panel indicator</summary>
      <description>Disable to hide this menu and its indicator, re-enable from overview or global extension settings</description>
    </key>
    <key name="show-helpers" type="b">
      <default>true</default>
      <summary>Show tooltips</summary>
      <description>Show these notifications when hovering over buttons and options</description>
    </key>
    <key name="show-notifications" type="b">
      <default>false</default>
      <summary>Show notifications</summary>
      <description>Show notifications for switching between workspaces</description>
    </key>
        <key name="hide-app-list" type="b">
      <default>false</default>
      <summary>Hide favourites in details</summary>
      <description>Hides the favourite application list in the environment details menu</description>
    </key>
    <key name="disable-wallpaper-management" type="b">
      <default>false</default>
      <summary>Disable wallpaper management</summary>
      <description>Disables this extension managing wallpapers, useful if configured elsewhere.</description>
    </key>
    <key name="reverse-menu" type="b">
      <default>false</default>
      <summary>Reverse menu order</summary>
      <description>Reverse the menu order if you have your panel on the lower edge</description>
    </key>
    <key name="debug-mode" type="b">
      <default>true</default>
      <summary>Enable logging</summary>
      <description>Toggles writing log file to ~/.config/worksets@blipk.xyz/debug.log</description>
    </key>
    <key name="cli-switch" type="s">
      <default>""</default>
      <summary>Workspace Switch CLI</summary>
      <description>Run a CLI command when the workspace is switched. You can use the $CWORKSPACE variable for the customised workspace name</description>
    </key>
    <key name="grayscale-icon" type="b">
      <default>false</default>
      <summary>Grayscale Icon</summary>
      <description>Change the panel/dash icon to be grayscale</description>
    </key>
    <key name="favorites-prototype" type="s">
      <default>"[{\"name\": \"org.gnome.Terminal.desktop\", \"displayName\": \"Terminal\", \"icon\": \"org.gnome.Terminal\", \"exec\": \"gnome-terminal\" }]"</default>
      <summary>Object represting the current favorite apps on the panel</summary>
      <description>Contains the naming and app data for each favorite.</description>
    </key>
    <key name="workset-prototype-json" type="s">
      <default>"{\"WorksetName\":\"\", \"WindowData\":null, \"BackgroundImage\":\"\", \"BackgroundImageDark\":\"\", \"BackgroundStyle\":\"\", \"BackgroundStyleDark\":\"\", \"FavApps\":[\"\"]}"</default>
      <summary>JSObject containing info on each custom workspace</summary>
      <description>Contains the information on each custom workspace.</description>
    </key>
    <key name="workspace-maps-prototype-json" type="s">
      <default>"{ \"Workspace0\": {\"defaultWorkset\":\"\", \"currentWorkset\":\"\"}, \"Workspace1\": {\"defaultWorkset\":\"\", \"currentWorkset\":\"\"}, \"Workspace2\": {\"defaultWorkset\":\"\", \"currentWorkset\":\"\"}, \"Workspace3\": {\"defaultWorkset\":\"\", \"currentWorkset\":\"\"}, \"Workspace4\": {\"defaultWorkset\":\"\", \"currentWorkset\":\"\"}, \"Workspace5\": {\"defaultWorkset\":\"\", \"currentWorkset\":\"\"}, \"Workspace6\": {\"defaultWorkset\":\"\", \"currentWorkset\":\"\"}, \"Workspace7\": {\"defaultWorkset\":\"\", \"currentWorkset\":\"\"} }"</default>
      <summary>JSObject containing info on workspaces</summary>
      <description>Contains the information about the state and position of custom workspaces.</description>
    </key>
    <key name="session-prototype-json" type="s">
      <default>"{ \"SessionName\":\"\",\"Default\": \"\",\"Options\":{\"ShowNotifications\":false, \"ShowHelpers\":true, \"IsolateWorkspaces\":true, \"ShowPanelIndicator\":true, \"ShowWorkspaceOverlay\":true},\"Worksets\":[{\"WorksetName\":\"\", \"WindowData\":null, \"FavApps\":[\"\"]}] }"</default>
      <summary>JSObject containing all data for the sesion</summary>
      <description>Contains the information on the extensions session.</description>
    </key>
  </schema>
</schemalist>
