<?xml version="1.0" encoding="UTF-8"?>
<schemalist gettext-domain="gnome-shell-extensions">
  <enum id='org.gnome.shell.extensions.worksets.test'>
    <value value='0' nick='DOTS'/>
    <value value='1' nick='SQUARES'/>
    <value value='2' nick='DASHES'/>
    <value value='3' nick='SEGMENTED'/>
    <value value='4' nick='SOLID'/>
    <value value='5' nick='CILIORA'/>
    <value value='6' nick='METRO'/>
  </enum>

  <schema path="/org/gnome/shell/extensions/worksets/" id="org.gnome.shell.extensions.worksets">
    <key name="panel-position" enum="org.gnome.shell.extensions.worksets.test">
      <default>'DOTS'</default>
      <summary>test</summary>
      <description>test</description>
    </key>
     <key name="favorites-prototype" type="s">
      <default>"[{\"name\": \"org.gnome.Terminal.desktop\", \"displayName\": \"Terminal\", \"icon\": \"org.gnome.Terminal\", \"exec\": \"gnome-terminal\" }]"</default>
      <summary>Object represting the current favorite apps on the panel</summary>
      <description>Contains the naming and app data for each favorite.</description>
    </key>
    <key name="workset-prototype-json" type="s">
      <default>"{\"WorksetName\":\"\", \"Favorite\":false, \"WindowData\":null, \"BackgroundImage\":\"\", \"FavApps\":[\"\"]}"</default>
      <summary>JSObject containing info on each workset</summary>
      <description>Contains the information on each set.</description>
    </key>
    <key name="workspace-maps-prototype-json" type="s">
      <default>"{ \"Workspace0\": {\"defaultWorkset\":\"\", \"currentWorkset\":\"\"}, \"Workspace1\": {\"defaultWorkset\":\"\", \"currentWorkset\":\"\"}, \"Workspace2\": {\"defaultWorkset\":\"\", \"currentWorkset\":\"\"}, \"Workspace3\": {\"defaultWorkset\":\"\", \"currentWorkset\":\"\"}, \"Workspace4\": {\"defaultWorkset\":\"\", \"currentWorkset\":\"\"}, \"Workspace5\": {\"defaultWorkset\":\"\", \"currentWorkset\":\"\"}, \"Workspace6\": {\"defaultWorkset\":\"\", \"currentWorkset\":\"\"}, \"Workspace7\": {\"defaultWorkset\":\"\", \"currentWorkset\":\"\"} }"</default>
      <summary>JSObject containing info on each workset</summary>
      <description>Contains the information on each set.</description>
    </key>
    <key name="session-prototype-json" type="s">
      <default>"{ \"SessionName\":\"\",\"Favorite\":false,\"Worksets\":[{\"WorksetName\":\"\", \"Favorite\":false, \"WindowData\":null, \"FavApps\":[\"\"]}] }"</default>
      <summary>JSObject containing all data for the sesion</summary>
      <description>Contains the information on each set.</description>
    </key>
  </schema>
</schemalist>
